goal_id,customer_id,goal_name,target_amount,duration_months,monthly_required,start_date
GOAL9DB818,CUSTE2483D,Emergency Fund,73200.0,6,12200.0,2026-01-01
GOAL435A2E,CUST246E67,Home Down Payment,641500.0,24,26729.17,2026-01-01
GOALDAFB41,CUSTA09879,Emergency Fund,20600.0,6,3433.33,2026-01-01
GOALA737EF,CUSTA09879,Wedding,109500.0,24,4562.5,2026-01-01
GOAL3F9929,CUST2FE7E1,Wedding,211300.0,23,9186.96,2026-01-01
GOAL69DAB0,CUSTC63A8C,Wedding,271300.0,12,22608.33,2026-01-01
GOAL4FB8DF,CUSTC63A8C,Home Down Payment,711900.0,41,17363.41,2026-01-01
GOAL0A82B3,CUST473800,Emergency Fund,39000.0,8,4875.0,2026-01-01
GOAL2819CF,CUST1CF577,Home Down Payment,186100.0,50,3722.0,2026-01-01
GOAL1AAC9D,CUST1CF577,Vacation,23400.0,5,4680.0,2026-01-01
GOALE4DECC,CUST52E49C,Home Down Payment,235300.0,42,5602.38,2026-01-01
GOALD7DB97,CUST71F708,Home Down Payment,524800.0,60,8746.67,2026-01-01
GOAL506E75,CUST71F708,Emergency Fund,62700.0,9,6966.67,2026-01-01
GOAL9841FC,CUST825C9D,Emergency Fund,77200.0,6,12866.67,2026-01-01
GOAL129514,CUST5A28E8,Home Down Payment,193200.0,34,5682.35,2026-01-01
GOAL70F9A7,CUST5A28E8,Emergency Fund,30800.0,12,2566.67,2026-01-01
GOAL6180D8,CUST1F20C2,Wedding,272100.0,15,18140.0,2026-01-01
GOALA15F55,CUST71E783,Home Down Payment,274800.0,43,6390.7,2026-01-01
GOALEFBC04,CUSTC0E2A0,Home Down Payment,260300.0,40,6507.5,2026-01-01
GOALBD3082,CUSTC0E2A0,Vacation,24900.0,9,2766.67,2026-01-01
GOALAC2FAA,CUSTEBAC93,New Car,90200.0,13,6938.46,2026-01-01
GOAL9FB0C7,CUST07972B,New Car,168800.0,26,6492.31,2026-01-01
GOALDF67C2,CUST07972B,Emergency Fund,52600.0,11,4781.82,2026-01-01
GOAL72871E,CUST247CF8,Wedding,195000.0,21,9285.71,2026-01-01
GOAL361EC2,CUST209159,Wedding,182500.0,16,11406.25,2026-01-01
GOAL837656,CUST78B23C,Emergency Fund,59000.0,11,5363.64,2026-01-01
GOAL16462D,CUSTCC6448,Emergency Fund,23800.0,9,2644.44,2026-01-01
GOAL69CA97,CUSTFE16F7,New Car,78900.0,20,3945.0,2026-01-01
GOALC253C5,CUSTFE16F7,Vacation,40200.0,8,5025.0,2026-01-01
GOAL00EB48,CUST7FAB0D,Wedding,319700.0,13,24592.31,2026-01-01
GOAL0E85FB,CUST7FAB0D,Emergency Fund,67200.0,8,8400.0,2026-01-01
GOALF28B15,CUST647766,Home Down Payment,158600.0,39,4066.67,2026-01-01
GOAL98990B,CUSTA4E617,New Car,177600.0,35,5074.29,2026-01-01
GOAL48D7E1,CUSTA4E617,Home Down Payment,831100.0,46,18067.39,2026-01-01
GOAL0B3476,CUST244590,Home Down Payment,92400.0,45,2053.33,2026-01-01
GOALF6700D,CUST244590,Wedding,59500.0,14,4250.0,2026-01-01
GOAL79F786,CUST78D97B,Emergency Fund,64900.0,6,10816.67,2026-01-01
GOAL37604A,CUST78D97B,New Car,284700.0,20,14235.0,2026-01-01
GOAL4900C8,CUSTBA612D,Emergency Fund,53500.0,12,4458.33,2026-01-01
GOALC08378,CUST2BB24A,New Car,75700.0,12,6308.33,2026-01-01
GOALCA0524,CUST745341,Emergency Fund,43300.0,11,3936.36,2026-01-01
GOALA34E8D,CUST745341,New Car,107900.0,13,8300.0,2026-01-01
GOAL473BFD,CUST49FDED,Wedding,158900.0,14,11350.0,2026-01-01
GOAL114A4F,CUST227A60,Wedding,87600.0,22,3981.82,2026-01-01
GOAL939956,CUST788902,Home Down Payment,711900.0,47,15146.81,2026-01-01
GOAL618EBD,CUST788902,New Car,278000.0,29,9586.21,2026-01-01
GOAL316265,CUST1EB859,New Car,172100.0,15,11473.33,2026-01-01
GOAL90A0A5,CUST1EB859,Wedding,122100.0,18,6783.33,2026-01-01
GOAL202936,CUST82BFDD,Wedding,318600.0,21,15171.43,2026-01-01
GOAL4909E1,CUST04F1D1,Wedding,155000.0,23,6739.13,2026-01-01
GOAL11E1FC,CUST04F1D1,New Car,71600.0,20,3580.0,2026-01-01
GOAL5FD644,CUST012A31,Wedding,239900.0,24,9995.83,2026-01-01
GOALFB7792,CUST012A31,New Car,276600.0,22,12572.73,2026-01-01
GOAL3C26E7,CUST6C460D,Home Down Payment,361000.0,47,7680.85,2026-01-01
GOALB174D8,CUST906438,Vacation,37800.0,9,4200.0,2026-01-01
GOAL97B424,CUST299D9D,Emergency Fund,76100.0,7,10871.43,2026-01-01
GOAL8B0E1F,CUST299D9D,New Car,117600.0,29,4055.17,2026-01-01
GOALF6D3E2,CUSTD00ECD,Vacation,48100.0,7,6871.43,2026-01-01
GOAL634568,CUSTD00ECD,New Car,75100.0,18,4172.22,2026-01-01
GOAL8205B8,CUST61A288,New Car,30600.0,27,1133.33,2026-01-01
GOAL026F5D,CUST61A288,Emergency Fund,12000.0,12,1000.0,2026-01-01
GOALB7E144,CUST84D12A,Vacation,52800.0,8,6600.0,2026-01-01
GOALC8B69E,CUST84D12A,Emergency Fund,81100.0,12,6758.33,2026-01-01
GOALA1EDF7,CUST11F3A5,Wedding,250700.0,24,10445.83,2026-01-01
GOAL06646B,CUSTC38A3C,New Car,90700.0,34,2667.65,2026-01-01
GOAL57FA25,CUSTC38A3C,Wedding,216700.0,19,11405.26,2026-01-01
GOAL294F0A,CUST00E195,Home Down Payment,110200.0,41,2687.8,2026-01-01
GOAL5F4D70,CUST00E195,Wedding,72600.0,16,4537.5,2026-01-01
GOAL70BAA3,CUSTFFBD20,Emergency Fund,28200.0,8,3525.0,2026-01-01
GOAL662EEC,CUST9C094C,Emergency Fund,27800.0,9,3088.89,2026-01-01
GOAL44E12A,CUST8A117D,Home Down Payment,387800.0,51,7603.92,2026-01-01
GOAL77F4A5,CUSTD37AE3,Home Down Payment,312400.0,47,6646.81,2026-01-01
GOALFB1925,CUST0B8EBF,Home Down Payment,239100.0,38,6292.11,2026-01-01
